道具ID,道具效果,道具名称,资源名字,道具描述,类型,加成道具ID,,商品ID,"值类型(0:数值可以大于1,1:数值不可以大于1)",对应关卡ID,对应CSVID,
ItemId,Effect,ItemName,ResName,ItemDesc,ItemType,BuffID,note,StoreID,ValueType,LevelID,DiaryCsvID,CollectionID
IT0001,,COLLECTION_ITEM_1_1,icon_energy,COLLECTION_INFO_1_1,0,"""0""",能量,ST0001,0,[],"""0""","""0"""
IT0002,,COLLECTION_ITEM_1_1,icon_goldcoins,COLLECTION_INFO_1_1,0,"""0""",金币,ST0002,0,[],"""0""","""0"""
IT0003,,COLLECTION_ITEM_1_1,icon_crystal,COLLECTION_INFO_1_1,0,"""0""",钻石/水晶,ST0003,0,[],"""0""","""0"""
IT0009,1,COLLECTION_ITEM_1_1,icon_energy_1,COLLECTION_INFO_1_1,1,"""0""",1级能量瓶,ST0009,0,[],"""0""","""0"""
IT0010,5,COLLECTION_ITEM_1_1,icon_energy_2,COLLECTION_INFO_1_1,1,"""0""",2级能量瓶,ST0010,0,[],"""0""","""0"""
IT0011,30,COLLECTION_ITEM_1_1,icon_energy_3,COLLECTION_INFO_1_1,1,"""0""",3级能量瓶,ST0011,0,[],"""0""","""0"""
IT0101,,COLLECTION_ITEM_1_1,icon_goldcoins,COLLECTION_INFO_1_1,2,"""0""",金币,ST0101,0,[],"""0""","""0"""
IT0201,E10001,COLLECTION_ITEM_1_1,icon_tool_magnifier,COLLECTION_INFO_1_1,3,BF0001,放大镜,ST0201,0,[],"""0""","""0"""
IT0202,E10011,COLLECTION_ITEM_1_1,icon_tool_bag,COLLECTION_INFO_1_1,3,BF0003,魔法口袋,ST0202,0,[],"""0""","""0"""
IT0203,E10020,COLLECTION_ITEM_1_1,icon_tool_book,COLLECTION_INFO_1_1,3,BF0003,百科全书,st0203,0,[],"""0""","""0"""
IT0204,E10003,COLLECTION_ITEM_1_1,icon_tool_clock,COLLECTION_INFO_1_1,3,BF0003,时钟,ST0204,0,[],"""0""","""0"""
IT0205,E10006,COLLECTION_ITEM_1_1,icon_tool_coinup,COLLECTION_INFO_1_1,3,BF0001,加金币,ST0205,0,[],"""0""","""0"""
IT0206,E10006,COLLECTION_ITEM_1_1,icon_tool_tornado,COLLECTION_INFO_1_1,3,BF0001,加金币,ST0206,0,[],"""0""","""0"""
IT0207,E10013,COLLECTION_ITEM_1_1,icon_goldcoins,COLLECTION_INFO_1_1,3,BF0003,指南针,ST0207,0,[],"""0""","""0"""
IT0208,E10017,COLLECTION_ITEM_1_1,icon_tool_crystalball,COLLECTION_INFO_1_1,3,BF0003,水晶球,ST0208,0,[],"""0""","""0"""
IT0209,E10004,COLLECTION_ITEM_1_1,icon_tool_hourglass,COLLECTION_INFO_1_1,3,BF0002,沙漏,ST0209,0,[],"""0""","""0"""
IT0210,E10022,COLLECTION_ITEM_1_1,icon_tool_pearl,COLLECTION_INFO_1_1,3,BF0004,夜明珠,ST0001,0,[],"""0""","""0"""
IT0211,,COLLECTION_ITEM_1_1,icon_tool_random,COLLECTION_INFO_1_1,3,BF0003,随机,ST0002,0,[],"""0""","""0"""
IT0212,E10007,COLLECTION_ITEM_1_1,icon_tool_compass,COLLECTION_INFO_1_1,3,BF0003,加得分,ST0003,0,[],"""0""","""0"""
IT0213,E10007,COLLECTION_ITEM_1_1,icon_tool_scoreup,COLLECTION_INFO_1_1,3,BF0003,加得分,ST0009,0,[],"""0""","""0"""
IT0214,E10003,COLLECTION_ITEM_1_1,icon_tool_timeplus,COLLECTION_INFO_1_1,3,BF0003,加时间,ST0010,0,[],"""0""","""0"""
IT0215,E10003,COLLECTION_ITEM_1_1,icon_tool_timeplus,COLLECTION_INFO_1_1,3,BF0003,加时间,ST0011,0,[],"""0""","""0"""
IT0216,E10002,COLLECTION_ITEM_1_1,icon_tool_tornado,COLLECTION_INFO_1_1,3,BF0003,龙卷风,ST0101,0,[],"""0""","""0"""
IT0217,E10005,COLLECTION_ITEM_1_1,icon_tool_wand,COLLECTION_INFO_1_1,3,BF0003,魔法棒,ST0201,0,[],"""0""","""0"""
IT0301,,COLLECTION_ITEM_1_1,icon_chip_s,COLLECTION_INFO_1_1,4,BF0003,S级碎片,ST0202,0,[],"""0""","""0"""
IT0302,,COLLECTION_ITEM_1_1,icon_chip_a,COLLECTION_INFO_1_1,4,"""0""",A级碎片,st0203,0,[],"""0""","""0"""
IT0303,,COLLECTION_ITEM_1_1,icon_chip_b,COLLECTION_INFO_1_1,4,"""0""",B级碎片,ST0204,0,[],"""0""","""0"""
IT0304,,COLLECTION_ITEM_1_1,icon_chip_c,COLLECTION_INFO_1_1,4,"""0""",C级碎片,ST0205,0,[],"""0""","""0"""
IT0501,,COLLECTION_ITEM_1_1,keyitem_up_ink,COLLECTION_INFO_1_1,7,"""0""",飞屋墨水,ST0206,0,[],"""0""","""0"""
IT0502,,COLLECTION_ITEM_1_1,keyitem_up_adventure,COLLECTION_INFO_1_1,7,"""0""",飞屋冒险,ST0207,0,[],"""0""","""0"""
IT0503,,COLLECTION_ITEM_1_1,keyitem_up_pot,COLLECTION_INFO_1_1,7,"""0""",飞屋锅,ST0208,0,[],"""0""","""0"""
IT0504,,COLLECTION_ITEM_1_1,keyitem_up_chocolate,COLLECTION_INFO_1_1,7,"""0""",飞屋巧克力,ST0209,0,[],"""0""","""0"""
IT0505,,COLLECTION_ITEM_1_1,keyitem_up_diary,COLLECTION_INFO_1_1,7,"""0""",飞屋日记,ST0001,0,[],"""0""","""0"""
IT0506,,COLLECTION_ITEM_1_1,keyitem_up_pills,COLLECTION_INFO_1_1,7,"""0""",飞屋药丸,ST0002,0,[],"""0""","""0"""
IT0507,,COLLECTION_ITEM_1_1,keyitem_up_manual,COLLECTION_INFO_1_1,7,"""0""",飞屋手册,ST0003,0,[],"""0""","""0"""
IT0508,,COLLECTION_ITEM_1_1,keyitem_up_glass,COLLECTION_INFO_1_1,7,"""0""",飞屋玻璃,ST0009,0,[],"""0""","""0"""
IT0509,,COLLECTION_ITEM_1_1,keyitem_frz_picture,COLLECTION_INFO_1_1,7,"""0""",冰雪照片,ST0010,0,[],"""0""","""0"""
IT0510,,COLLECTION_ITEM_1_1,keyitem_frz_carrot,COLLECTION_INFO_1_1,7,"""0""",冰雪胡萝卜,ST0011,0,[],"""0""","""0"""
IT0511,,COLLECTION_ITEM_1_1,keyitem_frz_glove,COLLECTION_INFO_1_1,7,"""0""",冰雪手套,ST0101,0,[],"""0""","""0"""
IT0512,,COLLECTION_ITEM_1_1,keyitem_frz_rope,COLLECTION_INFO_1_1,7,"""0""",冰雪绳,ST0201,0,[],"""0""","""0"""
IT0513,,COLLECTION_ITEM_1_1,keyitem_frz_crown,COLLECTION_INFO_1_1,7,"""0""",冰雪王冠,ST0202,0,[],"""0""","""0"""
IT0601,,COLLECTION_ITEM_1_1,icon_goldkey,COLLECTION_INFO_1_1,8,"""0""",金钥匙,st0203,0,[],"""0""","""0"""
IT1001,,COLLECTION_ITEM_1_1,icon_pigment_smallblue,COLLECTION_INFO_1_1,5,"""0""",小蓝,ST0204,0,[],"""0""","""0"""
IT1002,,COLLECTION_ITEM_1_1,icon_pigment_smallred,COLLECTION_INFO_1_1,5,"""0""",小红,ST0205,0,[],"""0""","""0"""
IT1003,,COLLECTION_ITEM_1_1,icon_pigment_smallyellow,COLLECTION_INFO_1_1,5,"""0""",小黄,ST0206,0,[],"""0""","""0"""
IT1004,,COLLECTION_ITEM_1_1,icon_pigment_midgreen,COLLECTION_INFO_1_1,5,"""0""",中绿,ST0207,0,[],"""0""","""0"""
IT1005,,COLLECTION_ITEM_1_1,icon_pigment_midorange,COLLECTION_INFO_1_1,5,"""0""",中橙,ST0208,0,[],"""0""","""0"""
IT1006,,COLLECTION_ITEM_1_1,icon_pigment_midpurple,COLLECTION_INFO_1_1,5,"""0""",中紫,ST0209,0,[],"""0""","""0"""
IT1007,,COLLECTION_ITEM_1_1,icon_pigment_bigblue,COLLECTION_INFO_1_1,5,"""0""",大蓝,ST0001,0,[],"""0""","""0"""
IT1008,,COLLECTION_ITEM_1_1,icon_pigment_bigred,COLLECTION_INFO_1_1,5,"""0""",大红,ST0002,0,[],"""0""","""0"""
IT1009,,COLLECTION_ITEM_1_1,icon_pigment_bigyellow,COLLECTION_INFO_1_1,5,"""0""",大黄,ST0003,0,[],"""0""","""0"""
IT1010,,COLLECTION_ITEM_1_1,icon_pigment_biggreen,COLLECTION_INFO_1_1,5,"""0""",大绿,ST0009,0,[],"""0""","""0"""
IT1011,,COLLECTION_ITEM_1_1,icon_pigment_bigorange,COLLECTION_INFO_1_1,5,"""0""",大橙,ST0010,0,[],"""0""","""0"""
IT1012,,COLLECTION_ITEM_1_1,icon_pigment_bigpurple,COLLECTION_INFO_1_1,5,"""0""",大紫,ST0011,0,[],"""0""","""0"""
IT1013,,COLLECTION_ITEM_1_1,icon_pigment_hugeblue,COLLECTION_INFO_1_1,5,"""0""",巨大蓝,ST0101,0,[],"""0""","""0"""
IT1014,,COLLECTION_ITEM_1_1,icon_pigment_hugered,COLLECTION_INFO_1_1,5,"""0""",巨大红,ST0201,0,[],"""0""","""0"""
IT1015,,COLLECTION_ITEM_1_1,icon_pigment_hugeyellow,COLLECTION_INFO_1_1,5,"""0""",巨大黄,ST0202,0,[],"""0""","""0"""
IT1016,,COLLECTION_ITEM_1_1,icon_pigment_hugegreen,COLLECTION_INFO_1_1,5,"""0""",巨大绿,st0203,0,[],"""0""","""0"""
IT1017,,COLLECTION_ITEM_1_1,icon_pigment_hugeorange,COLLECTION_INFO_1_1,5,"""0""",巨大橙,ST0204,0,[],"""0""","""0"""
IT1018,,COLLECTION_ITEM_1_1,icon_pigment_hugepurple,COLLECTION_INFO_1_1,5,"""0""",巨大紫,ST0205,0,[],"""0""","""0"""
IT1019,,COLLECTION_ITEM_1_1,icon_pigment_frzblue,COLLECTION_INFO_1_1,5,"""0""",冰雪蓝,ST0206,0,[],"""0""","""0"""
IT1020,,COLLECTION_ITEM_1_1,icon_pigment_frzgreen,COLLECTION_INFO_1_1,5,"""0""",冰雪绿,ST0207,0,[],"""0""","""0"""
IT1021,,COLLECTION_ITEM_1_1,icon_pigment_frzpurple,COLLECTION_INFO_1_1,5,"""0""",冰雪紫,ST0208,0,[],"""0""","""0"""
IT1022,,COLLECTION_ITEM_1_1,icon_pigment_upblue,COLLECTION_INFO_1_1,5,"""0""",飞屋蓝,ST0209,0,[],"""0""","""0"""
IT1023,,COLLECTION_ITEM_1_1,icon_pigment_upbrown,COLLECTION_INFO_1_1,5,"""0""",飞屋棕,ST0001,0,[],"""0""","""0"""
IT1024,,COLLECTION_ITEM_1_1,icon_pigment_upmagenta,COLLECTION_INFO_1_1,5,"""0""",飞屋洋红,ST0002,0,[],"""0""","""0"""
IT1025,,COLLECTION_ITEM_1_1,icon_pigment_upyellow,COLLECTION_INFO_1_1,5,"""0""",飞屋黄,ST0003,0,[],"""0""","""0"""
IT1026,,COLLECTION_ITEM_1_1,icon_pigment_wirblue,COLLECTION_INFO_1_1,5,"""0""",破坏王蓝,ST0009,0,[],"""0""","""0"""
IT1027,,COLLECTION_ITEM_1_1,icon_pigment_wirbrown,COLLECTION_INFO_1_1,5,"""0""",破坏王洋红,ST0010,0,[],"""0""","""0"""
IT1028,,COLLECTION_ITEM_1_1,icon_pigment_wirred,COLLECTION_INFO_1_1,5,"""0""",破坏王红,ST0011,0,[],"""0""","""0"""
IT1029,,COLLECTION_ITEM_1_1,icon_pigment_wirpink,COLLECTION_INFO_1_1,5,"""0""",破坏王粉红,ST0101,0,[],"""0""","""0"""
IT1030,,COLLECTION_ITEM_1_1,icon_pigment_tanblue,COLLECTION_INFO_1_1,5,"""0""",长发蓝,ST0201,0,[],"""0""","""0"""
IT1031,,COLLECTION_ITEM_1_1,icon_pigment_tangold,COLLECTION_INFO_1_1,5,"""0""",长发金,ST0202,0,[],"""0""","""0"""
IT1032,,COLLECTION_ITEM_1_1,icon_pigment_tanmaroon,COLLECTION_INFO_1_1,5,"""0""",长发褐红,st0203,0,[],"""0""","""0"""
IT1033,,COLLECTION_ITEM_1_1,icon_pigment_tanpurple,COLLECTION_INFO_1_1,5,"""0""",长发紫,ST0204,0,[],"""0""","""0"""
IT1034,,COLLECTION_ITEM_1_1,icon_pigment_bnbbrown,COLLECTION_INFO_1_1,5,"""0""",野兽黑,ST0205,0,[],"""0""","""0"""
IT1035,,COLLECTION_ITEM_1_1,icon_pigment_bnbblue,COLLECTION_INFO_1_1,5,"""0""",野兽蓝,ST0206,0,[],"""0""","""0"""
IT1036,,COLLECTION_ITEM_1_1,icon_pigment_bnbred,COLLECTION_INFO_1_1,5,"""0""",野兽红,ST0207,0,[],"""0""","""0"""
IT1037,,COLLECTION_ITEM_1_1,icon_pigment_bnbgold,COLLECTION_INFO_1_1,5,"""0""",野兽橙,ST0208,0,[],"""0""","""0"""
LK0101,,COLLECTION_ITEM_1_1,"""0""",COLLECTION_INFO_1_1,,"""0""",,ST0209,1,["MA0180"],"""0""","""0"""
LK0102,,COLLECTION_ITEM_1_1,"""1""",COLLECTION_INFO_1_1,,"""0""",,ST0001,1,["MA0181"],"""0""","""0"""
LK0103,,COLLECTION_ITEM_1_1,"""2""",COLLECTION_INFO_1_1,,"""0""",,ST0002,1,["MA0182"],"""0""","""0"""
LK0104,,COLLECTION_ITEM_1_1,"""3""",COLLECTION_INFO_1_1,,"""0""",,ST0003,1,["MA0183"],"""0""","""0"""
LK0105,,COLLECTION_ITEM_1_1,"""4""",COLLECTION_INFO_1_1,,"""0""",,ST0009,1,["MA0184"],"""0""","""0"""
LK0106,,COLLECTION_ITEM_1_1,"""5""",COLLECTION_INFO_1_1,,"""0""",,ST0010,1,["MA0185"],"""0""","""0"""
LK0107,,COLLECTION_ITEM_1_1,"""6""",COLLECTION_INFO_1_1,,"""0""",,ST0011,1,["MA0186"],"""0""","""0"""
LK0108,,COLLECTION_ITEM_1_1,"""7""",COLLECTION_INFO_1_1,,"""0""",,ST0101,1,["MA0187"],"""0""","""0"""
LK0109,,COLLECTION_ITEM_1_1,"""8""",COLLECTION_INFO_1_1,,"""0""",,ST0201,1,["MA0188"],"""0""","""0"""
LK0110,,COLLECTION_ITEM_1_1,"""9""",COLLECTION_INFO_1_1,,"""0""",,ST0202,1,["MA0189"],"""0""","""0"""
LK0111,,COLLECTION_ITEM_1_1,"""10""",COLLECTION_INFO_1_1,,"""0""",,st0203,1,["MA0190"],"""0""","""0"""
LK0112,,COLLECTION_ITEM_1_1,"""11""",COLLECTION_INFO_1_1,,"""0""",,ST0204,1,["MA0191"],"""0""","""0"""
LK0113,,COLLECTION_ITEM_1_1,"""12""",COLLECTION_INFO_1_1,,"""0""",,ST0205,1,["MA0192"],"""0""","""0"""
LK0114,,COLLECTION_ITEM_1_1,"""13""",COLLECTION_INFO_1_1,,"""0""",,ST0206,1,["MA0193"],"""0""","""0"""
LK0115,,COLLECTION_ITEM_1_1,"""14""",COLLECTION_INFO_1_1,,"""0""",,ST0207,1,["MA0194"],"""0""","""0"""
LK0116,,COLLECTION_ITEM_1_1,"""15""",COLLECTION_INFO_1_1,,"""0""",,ST0208,1,["MA0195"],"""0""","""0"""
LK0117,,COLLECTION_ITEM_1_1,"""16""",COLLECTION_INFO_1_1,,"""0""",,ST0209,1,["MA0196"],"""0""","""0"""
LK0118,,COLLECTION_ITEM_1_1,"""17""",COLLECTION_INFO_1_1,,"""0""",,ST0001,1,["MA0197"],"""0""","""0"""
LK0119,,COLLECTION_ITEM_1_1,"""18""",COLLECTION_INFO_1_1,,"""0""",,ST0002,1,["MA0198"],"""0""","""0"""
LK0120,,COLLECTION_ITEM_1_1,"""19""",COLLECTION_INFO_1_1,,"""0""",,ST0003,1,["MA0199"],"""0""","""0"""
LK0121,,COLLECTION_ITEM_1_1,"""20""",COLLECTION_INFO_1_1,,"""0""",,ST0009,1,["MA0200"],"""0""","""0"""
LK0122,,COLLECTION_ITEM_1_1,"""21""",COLLECTION_INFO_1_1,,"""0""",,ST0010,1,["MA0201"],"""0""","""0"""
LK0123,,COLLECTION_ITEM_1_1,"""22""",COLLECTION_INFO_1_1,,"""0""",,ST0011,1,["MA0202"],"""0""","""0"""
LK0124,,COLLECTION_ITEM_1_1,"""23""",COLLECTION_INFO_1_1,,"""0""",,ST0101,1,["MA0203"],"""0""","""0"""
LK0125,,COLLECTION_ITEM_1_1,"""24""",COLLECTION_INFO_1_1,,"""0""",,ST0201,1,["MA0204"],"""0""","""0"""
LK0126,,COLLECTION_ITEM_1_1,"""25""",COLLECTION_INFO_1_1,,"""0""",,ST0202,1,["MA0205"],"""0""","""0"""
LK0127,,COLLECTION_ITEM_1_1,"""26""",COLLECTION_INFO_1_1,,"""0""",,st0203,1,["MA0206"],"""0""","""0"""
LK0128,,COLLECTION_ITEM_1_1,"""27""",COLLECTION_INFO_1_1,,"""0""",,ST0204,1,["MA0207"],"""0""","""0"""
LK0129,,COLLECTION_ITEM_1_1,"""28""",COLLECTION_INFO_1_1,,"""0""",,ST0205,1,["MA0208"],"""0""","""0"""
LK0130,,COLLECTION_ITEM_1_1,"""29""",COLLECTION_INFO_1_1,,"""0""",,ST0206,1,["MA0209"],"""0""","""0"""
LK0131,,COLLECTION_ITEM_1_1,"""30""",COLLECTION_INFO_1_1,,"""0""",,ST0207,1,["MA0210"],"""0""","""0"""
LK0132,,COLLECTION_ITEM_1_1,"""31""",COLLECTION_INFO_1_1,,"""0""",,ST0208,1,["MA0211"],"""0""","""0"""
LK0133,,COLLECTION_ITEM_1_1,"""32""",COLLECTION_INFO_1_1,,"""0""",,ST0209,1,["MA0212"],"""0""","""0"""
LK0134,,COLLECTION_ITEM_1_1,"""33""",COLLECTION_INFO_1_1,,"""0""",,ST0001,1,["MA0213"],"""0""","""0"""
LK0135,,COLLECTION_ITEM_1_1,"""34""",COLLECTION_INFO_1_1,,"""0""",,ST0002,1,["MA0214"],"""0""","""0"""
LK0136,,COLLECTION_ITEM_1_1,"""35""",COLLECTION_INFO_1_1,,"""0""",,ST0003,1,["MA0215"],"""0""","""0"""
CR0101,,COLLECTION_ITEM_1_1,"""30""",COLLECTION_INFO_1_1,,"""0""",,ST0009,1,"[""MA0101"",1]",AC0101,"""0"""
CR0102,,COLLECTION_ITEM_1_1,"""31""",COLLECTION_INFO_1_1,,"""0""",,ST0010,1,"[""MA0102"",2]",AC0101,"""0"""
CR0103,,COLLECTION_ITEM_1_1,"""32""",COLLECTION_INFO_1_1,,"""0""",,ST0011,1,"[""MA0103"",3]",AC0107,"""0"""
CR0104,,COLLECTION_ITEM_1_1,"""33""",COLLECTION_INFO_1_1,,"""0""",,ST0101,1,"[""MA0104"",4]",AC0107,"""0"""
CR0105,,COLLECTION_ITEM_1_1,"""34""",COLLECTION_INFO_1_1,,"""0""",,ST0201,1,"[""MA0105"",5]",AC0107,"""0"""
CR0106,,COLLECTION_ITEM_1_1,"""35""",COLLECTION_INFO_1_1,,"""0""",,ST0202,1,"[""MA0106"",6]",AC0107,"""0"""
CR0107,,COLLECTION_ITEM_1_1,"""36""",COLLECTION_INFO_1_1,,"""0""",,st0203,1,"[""MA0107"",7]",AC0101,"""0"""
CR0108,,COLLECTION_ITEM_1_1,"""37""",COLLECTION_INFO_1_1,,"""0""",,ST0204,1,"[""MA0108"",8]",AC0101,"""0"""
CR0109,,COLLECTION_ITEM_1_1,"""38""",COLLECTION_INFO_1_1,,"""0""",,ST0205,1,"[""MA0109"",9]",AC0101,"""0"""
CR0110,,COLLECTION_ITEM_1_1,"""39""",COLLECTION_INFO_1_1,,"""0""",,ST0206,1,"[""MA0110"",10]",AC0101,"""0"""
CR0111,,COLLECTION_ITEM_1_1,"""40""",COLLECTION_INFO_1_1,,"""0""",,ST0207,1,"[""MA0111"",11]",AC0101,"""0"""
CR0112,,COLLECTION_ITEM_1_1,"""41""",COLLECTION_INFO_1_1,,"""0""",,ST0208,1,"[""MA0112"",12]",AC0101,"""0"""
CR0113,,COLLECTION_ITEM_1_1,"""42""",COLLECTION_INFO_1_1,,"""0""",,ST0209,1,"[""MA0113"",13]",AC0102,"""0"""
CR0114,,COLLECTION_ITEM_1_1,"""43""",COLLECTION_INFO_1_1,,"""0""",,ST0001,1,"[""MA0114"",14]",AC0102,"""0"""
CR0115,,COLLECTION_ITEM_1_1,"""44""",COLLECTION_INFO_1_1,,"""0""",,ST0002,1,"[""MA0115"",15]",AC0102,"""0"""
CR0116,,COLLECTION_ITEM_1_1,"""45""",COLLECTION_INFO_1_1,,"""0""",,ST0003,1,"[""MA0116"",16]",AC0102,"""0"""
CR0117,,COLLECTION_ITEM_1_1,"""46""",COLLECTION_INFO_1_1,,"""0""",,ST0009,1,"[""MA0117"",17]",AC0102,"""0"""
CR0118,,COLLECTION_ITEM_1_1,"""47""",COLLECTION_INFO_1_1,,"""0""",,ST0010,1,"[""MA0118"",18]",AC0102,"""0"""
CR0119,,COLLECTION_ITEM_1_1,"""48""",COLLECTION_INFO_1_1,,"""0""",,ST0011,1,"[""MA0119"",19]",AC0102,"""0"""
CR0120,,COLLECTION_ITEM_1_1,"""49""",COLLECTION_INFO_1_1,,"""0""",,ST0101,1,"[""MA0120"",20]",AC0102,"""0"""
CR0121,,COLLECTION_ITEM_1_1,"""50""",COLLECTION_INFO_1_1,,"""0""",,ST0201,1,"[""MA0121"",21]",AC0102,"""0"""
CR0122,,COLLECTION_ITEM_1_1,"""51""",COLLECTION_INFO_1_1,,"""0""",,ST0202,1,"[""MA0122"",22]",AC0102,"""0"""
CR0123,,COLLECTION_ITEM_1_1,"""52""",COLLECTION_INFO_1_1,,"""0""",,st0203,1,"[""MA0123"",23]",AC0102,"""0"""
CR0124,,COLLECTION_ITEM_1_1,"""53""",COLLECTION_INFO_1_1,,"""0""",,ST0204,1,"[""MA0124"",24]",AC0102,"""0"""
CR0125,,COLLECTION_ITEM_1_1,"""54""",COLLECTION_INFO_1_1,,"""0""",,ST0205,1,"[""MA0124"",25]",AC0102,"""0"""
CR0126,,COLLECTION_ITEM_1_1,"""55""",COLLECTION_INFO_1_1,,"""0""",,ST0206,1,"[""MA0124"",26]",AC0102,"""0"""
CR0127,,COLLECTION_ITEM_1_1,"""56""",COLLECTION_INFO_1_1,,"""0""",,ST0207,1,"[""MA0124"",27]",AC0102,"""0"""
CR0128,,COLLECTION_ITEM_1_1,"""57""",COLLECTION_INFO_1_1,,"""0""",,ST0208,1,"[""MA0124"",28]",AC0102,"""0"""
CR0129,,COLLECTION_ITEM_1_1,"""58""",COLLECTION_INFO_1_1,,"""0""",,ST0209,1,"[""MA0124"",29]",AC0102,"""0"""
CR0130,,COLLECTION_ITEM_1_1,"""59""",COLLECTION_INFO_1_1,,"""0""",,ST0001,1,"[""MA0124"",30]",AC0102,"""0"""
CR0131,,COLLECTION_ITEM_1_1,"""60""",COLLECTION_INFO_1_1,,"""0""",,ST0002,1,"[""MA0124"",31]",AC0102,"""0"""
CR0132,,COLLECTION_ITEM_1_1,"""61""",COLLECTION_INFO_1_1,,"""0""",,ST0003,1,"[""MA0124"",32]",AC0102,"""0"""
CR0133,,COLLECTION_ITEM_1_1,"""62""",COLLECTION_INFO_1_1,,"""0""",,ST0009,1,"[""MA0124"",33]",AC0102,"""0"""
CR0134,,COLLECTION_ITEM_1_1,"""63""",COLLECTION_INFO_1_1,,"""0""",,ST0010,1,"[""MA0124"",34]",AC0102,"""0"""
CR0135,,COLLECTION_ITEM_1_1,"""64""",COLLECTION_INFO_1_1,,"""0""",,ST0011,1,"[""MA0124"",35]",AC0102,"""0"""
CR0136,,COLLECTION_ITEM_1_1,"""65""",COLLECTION_INFO_1_1,,"""0""",,ST0101,1,"[""MA0124"",36]",AC0102,"""0"""
CT0001,,COLLECTION_ITEM_1_1,icon_tool_bag,COLLECTION_INFO_1_1,,"""""",,"""""",1,"[[""MA0101"",""MA0137""],[""MA0102"",""MA0138""],[""MA0103"",""MA0139""],[""MA0104"",""MA0140""],[""MA0105"",""MA0141""],[""MA0106"",""MA0142""],[""MA0107"",""MA0143""],[""MA0108"",""MA0144""],[""MA0109"",""MA0145""],[""MA0110"",""MA0146""],[""MA0111"",""MA0147""],[""MA0112"",""MA0148""]]",,CE0001
CT0002,,COLLECTION_ITEM_1_1,icon_tool_book,COLLECTION_INFO_1_1,,"""""",,"""""",1,"[[""MA0101"",""MA0137""],[""MA0102"",""MA0138""],[""MA0103"",""MA0139""],[""MA0104"",""MA0140""],[""MA0105"",""MA0141""],[""MA0106"",""MA0142""],[""MA0107"",""MA0143""],[""MA0108"",""MA0144""],[""MA0109"",""MA0145""],[""MA0110"",""MA0146""],[""MA0111"",""MA0147""],[""MA0112"",""MA0148""]]",,CE0001
CT0003,,COLLECTION_ITEM_1_1,icon_tool_clock,COLLECTION_INFO_1_1,,"""""",,"""""",1,"[[""MA0101"",""MA0137""],[""MA0102"",""MA0138""],[""MA0103"",""MA0139""],[""MA0104"",""MA0140""],[""MA0105"",""MA0141""],[""MA0106"",""MA0142""],[""MA0107"",""MA0143""],[""MA0108"",""MA0144""],[""MA0109"",""MA0145""],[""MA0110"",""MA0146""],[""MA0111"",""MA0147""],[""MA0112"",""MA0148""]]",,CE0001
CT0004,,COLLECTION_ITEM_1_1,icon_tool_pearl,COLLECTION_INFO_1_1,,"""""",,"""""",1,"[[""MA0101"",""MA0137""],[""MA0102"",""MA0138""],[""MA0103"",""MA0139""],[""MA0104"",""MA0140""],[""MA0105"",""MA0141""],[""MA0106"",""MA0142""],[""MA0107"",""MA0143""],[""MA0108"",""MA0144""],[""MA0109"",""MA0145""],[""MA0110"",""MA0146""],[""MA0111"",""MA0147""],[""MA0112"",""MA0148""]]",,CE0001
CT0005,,COLLECTION_ITEM_1_1,icon_tool_bag,COLLECTION_INFO_1_1,,"""""",,"""""",1,"[[""MA0101"",""MA0137""],[""MA0102"",""MA0138""],[""MA0103"",""MA0139""],[""MA0104"",""MA0140""],[""MA0105"",""MA0141""],[""MA0106"",""MA0142""],[""MA0107"",""MA0143""],[""MA0108"",""MA0144""],[""MA0109"",""MA0145""],[""MA0110"",""MA0146""],[""MA0111"",""MA0147""],[""MA0112"",""MA0148""]]",,CE0001
CT0006,,COLLECTION_ITEM_1_1,icon_tool_bag,COLLECTION_INFO_1_1,,"""""",,"""""",1,"[[""MA0113"",""MA0149""],[""MA0114"",""MA0150""],[""MA0115"",""MA0151""],[""MA0116"",""MA0152""],[""MA0117"",""MA0153""],[""MA0118"",""MA0154""],[""MA0119"",""MA0155""],[""MA0120"",""MA0156""],[""MA0121"",""MA0157""],[""MA0122"",""MA0158""],[""MA0123"",""MA0159""],[""MA0124"",""MA0160""]]",,CE0002
CT0007,,COLLECTION_ITEM_1_1,icon_tool_bag,COLLECTION_INFO_1_1,,"""""",,"""""",1,"[[""MA0113"",""MA0149""],[""MA0114"",""MA0150""],[""MA0115"",""MA0151""],[""MA0116"",""MA0152""],[""MA0117"",""MA0153""],[""MA0118"",""MA0154""],[""MA0119"",""MA0155""],[""MA0120"",""MA0156""],[""MA0121"",""MA0157""],[""MA0122"",""MA0158""],[""MA0123"",""MA0159""],[""MA0124"",""MA0160""]]",,CE0002
CT0008,,COLLECTION_ITEM_1_1,icon_tool_bag,COLLECTION_INFO_1_1,,"""""",,"""""",1,"[[""MA0113"",""MA0149""],[""MA0114"",""MA0150""],[""MA0115"",""MA0151""],[""MA0116"",""MA0152""],[""MA0117"",""MA0153""],[""MA0118"",""MA0154""],[""MA0119"",""MA0155""],[""MA0120"",""MA0156""],[""MA0121"",""MA0157""],[""MA0122"",""MA0158""],[""MA0123"",""MA0159""],[""MA0124"",""MA0160""]]",,CE0002
CT0009,,COLLECTION_ITEM_1_1,icon_tool_bag,COLLECTION_INFO_1_1,,"""""",,"""""",1,"[[""MA0113"",""MA0149""],[""MA0114"",""MA0150""],[""MA0115"",""MA0151""],[""MA0116"",""MA0152""],[""MA0117"",""MA0153""],[""MA0118"",""MA0154""],[""MA0119"",""MA0155""],[""MA0120"",""MA0156""],[""MA0121"",""MA0157""],[""MA0122"",""MA0158""],[""MA0123"",""MA0159""],[""MA0124"",""MA0160""]]",,CE0002
CT0010,,COLLECTION_ITEM_1_1,icon_tool_bag,COLLECTION_INFO_1_1,,"""""",,"""""",1,"[[""MA0113"",""MA0149""],[""MA0114"",""MA0150""],[""MA0115"",""MA0151""],[""MA0116"",""MA0152""],[""MA0117"",""MA0153""],[""MA0118"",""MA0154""],[""MA0119"",""MA0155""],[""MA0120"",""MA0156""],[""MA0121"",""MA0157""],[""MA0122"",""MA0158""],[""MA0123"",""MA0159""],[""MA0124"",""MA0160""]]",,CE0002
CT0011,,COLLECTION_ITEM_1_1,icon_tool_bag,COLLECTION_INFO_1_1,,"""""",,"""""",1,"[[""MA0125"",""MA0161""],[""MA0126"",""MA0162""],[""MA0127"",""MA0163""],[""MA0128"",""MA0164""],[""MA0129"",""MA0165""],[""MA0130"",""MA0166""],[""MA0131"",""MA0167""],[""MA0132"",""MA0168""],[""MA0133"",""MA0169""],[""MA0134"",""MA0170""],[""MA0135"",""MA0171""],[""MA0136"",""MA0172""]]",,CE0003
CT0012,,COLLECTION_ITEM_1_1,icon_tool_bag,COLLECTION_INFO_1_1,,"""""",,"""""",1,"[[""MA0125"",""MA0161""],[""MA0126"",""MA0162""],[""MA0127"",""MA0163""],[""MA0128"",""MA0164""],[""MA0129"",""MA0165""],[""MA0130"",""MA0166""],[""MA0131"",""MA0167""],[""MA0132"",""MA0168""],[""MA0133"",""MA0169""],[""MA0134"",""MA0170""],[""MA0135"",""MA0171""],[""MA0136"",""MA0172""]]",,CE0003
CT0013,,COLLECTION_ITEM_1_1,icon_tool_bag,COLLECTION_INFO_1_1,,"""""",,"""""",1,"[[""MA0125"",""MA0161""],[""MA0126"",""MA0162""],[""MA0127"",""MA0163""],[""MA0128"",""MA0164""],[""MA0129"",""MA0165""],[""MA0130"",""MA0166""],[""MA0131"",""MA0167""],[""MA0132"",""MA0168""],[""MA0133"",""MA0169""],[""MA0134"",""MA0170""],[""MA0135"",""MA0171""],[""MA0136"",""MA0172""]]",,CE0003
CT0014,,COLLECTION_ITEM_1_1,icon_tool_bag,COLLECTION_INFO_1_1,,"""""",,"""""",1,"[[""MA0125"",""MA0161""],[""MA0126"",""MA0162""],[""MA0127"",""MA0163""],[""MA0128"",""MA0164""],[""MA0129"",""MA0165""],[""MA0130"",""MA0166""],[""MA0131"",""MA0167""],[""MA0132"",""MA0168""],[""MA0133"",""MA0169""],[""MA0134"",""MA0170""],[""MA0135"",""MA0171""],[""MA0136"",""MA0172""]]",,CE0003
CT0015,,COLLECTION_ITEM_1_1,icon_tool_bag,COLLECTION_INFO_1_1,,"""""",,"""""",1,"[[""MA0125"",""MA0161""],[""MA0126"",""MA0162""],[""MA0127"",""MA0163""],[""MA0128"",""MA0164""],[""MA0129"",""MA0165""],[""MA0130"",""MA0166""],[""MA0131"",""MA0167""],[""MA0132"",""MA0168""],[""MA0133"",""MA0169""],[""MA0134"",""MA0170""],[""MA0135"",""MA0171""],[""MA0136"",""MA0172""]]",,CE0003
CT0016,,COLLECTION_ITEM_1_1,icon_tool_bag,COLLECTION_INFO_1_1,,"""""",,"""""",1,,,CE0004
CT0017,,COLLECTION_ITEM_1_1,icon_tool_bag,COLLECTION_INFO_1_1,,"""""",,"""""",1,,,CE0004
CT0018,,COLLECTION_ITEM_1_1,icon_tool_bag,COLLECTION_INFO_1_1,,"""""",,"""""",1,,,CE0004
CT0019,,COLLECTION_ITEM_1_1,icon_tool_bag,COLLECTION_INFO_1_1,,"""""",,"""""",1,,,CE0004
CT0020,,COLLECTION_ITEM_1_1,icon_tool_bag,COLLECTION_INFO_1_1,,"""""",,"""""",1,,,CE0004
CT0021,,COLLECTION_ITEM_1_1,icon_tool_bag,COLLECTION_INFO_1_1,,"""""",,"""""",1,,,CE0005
CT0022,,COLLECTION_ITEM_1_1,icon_tool_bag,COLLECTION_INFO_1_1,,"""""",,"""""",1,,,CE0005
CT0023,,COLLECTION_ITEM_1_1,icon_tool_bag,COLLECTION_INFO_1_1,,"""""",,"""""",1,,,CE0005
CT0024,,COLLECTION_ITEM_1_1,icon_tool_bag,COLLECTION_INFO_1_1,,"""""",,"""""",1,,,CE0005
CT0025,,COLLECTION_ITEM_1_1,icon_tool_bag,COLLECTION_INFO_1_1,,"""""",,"""""",1,,,CE0005
CT0026,,COLLECTION_ITEM_1_1,icon_tool_bag,COLLECTION_INFO_1_1,,"""""",,"""""",1,,,CE0006
CT0027,,COLLECTION_ITEM_1_1,icon_tool_bag,COLLECTION_INFO_1_1,,"""""",,"""""",1,,,CE0006
CT0028,,COLLECTION_ITEM_1_1,icon_tool_bag,COLLECTION_INFO_1_1,,"""""",,"""""",1,,,CE0006
CT0029,,COLLECTION_ITEM_1_1,icon_tool_bag,COLLECTION_INFO_1_1,,"""""",,"""""",1,,,CE0006
CT0030,,COLLECTION_ITEM_1_1,icon_tool_bag,COLLECTION_INFO_1_1,,"""""",,"""""",1,,,CE0006
CT0031,,COLLECTION_ITEM_1_1,icon_tool_bag,COLLECTION_INFO_1_1,,"""""",,"""""",1,,,CE0007
CT0032,,COLLECTION_ITEM_1_1,icon_tool_bag,COLLECTION_INFO_1_1,,"""""",,"""""",1,,,CE0007
CT0033,,COLLECTION_ITEM_1_1,icon_tool_bag,COLLECTION_INFO_1_1,,"""""",,"""""",1,,,CE0007
CT0034,,COLLECTION_ITEM_1_1,icon_tool_bag,COLLECTION_INFO_1_1,,"""""",,"""""",1,,,CE0007
CT0035,,COLLECTION_ITEM_1_1,icon_tool_bag,COLLECTION_INFO_1_1,,"""""",,"""""",1,,,CE0007
CT0036,,COLLECTION_ITEM_1_1,icon_tool_bag,COLLECTION_INFO_1_1,,"""""",,"""""",1,,,CE0008
CT0037,,COLLECTION_ITEM_1_1,icon_tool_bag,COLLECTION_INFO_1_1,,"""""",,"""""",1,,,CE0008
CT0038,,COLLECTION_ITEM_1_1,icon_tool_bag,COLLECTION_INFO_1_1,,"""""",,"""""",1,,,CE0008
CT0039,,COLLECTION_ITEM_1_1,icon_tool_bag,COLLECTION_INFO_1_1,,"""""",,"""""",1,,,CE0008
CT0040,,COLLECTION_ITEM_1_1,icon_tool_bag,COLLECTION_INFO_1_1,,"""""",,"""""",1,,,CE0008
CT0041,,COLLECTION_ITEM_1_1,icon_tool_bag,COLLECTION_INFO_1_1,,"""""",,"""""",1,,,CE0009
CT0042,,COLLECTION_ITEM_1_1,icon_tool_bag,COLLECTION_INFO_1_1,,"""""",,"""""",1,,,CE0009
CT0043,,COLLECTION_ITEM_1_1,icon_tool_bag,COLLECTION_INFO_1_1,,"""""",,"""""",1,,,CE0009
CT0044,,COLLECTION_ITEM_1_1,icon_tool_bag,COLLECTION_INFO_1_1,,"""""",,"""""",1,,,CE0009
CT0045,,COLLECTION_ITEM_1_1,icon_tool_bag,COLLECTION_INFO_1_1,,"""""",,"""""",1,,,CE0009
CT0046,,COLLECTION_ITEM_1_1,icon_tool_bag,COLLECTION_INFO_1_1,,"""""",,"""""",1,,,CE0010
CT0047,,COLLECTION_ITEM_1_1,icon_tool_bag,COLLECTION_INFO_1_1,,"""""",,"""""",1,,,CE0010
CT0048,,COLLECTION_ITEM_1_1,icon_tool_bag,COLLECTION_INFO_1_1,,"""""",,"""""",1,,,CE0010
CT0049,,COLLECTION_ITEM_1_1,icon_tool_bag,COLLECTION_INFO_1_1,,"""""",,"""""",1,,,CE0010
CT0050,,COLLECTION_ITEM_1_1,icon_tool_bag,COLLECTION_INFO_1_1,,"""""",,"""""",1,,,CE0010
CT0051,,COLLECTION_ITEM_1_1,icon_tool_bag,COLLECTION_INFO_1_1,,"""""",,"""""",1,,,CE0011
CT0052,,COLLECTION_ITEM_1_1,icon_tool_bag,COLLECTION_INFO_1_1,,"""""",,"""""",1,,,CE0011
CT0053,,COLLECTION_ITEM_1_1,icon_tool_bag,COLLECTION_INFO_1_1,,"""""",,"""""",1,,,CE0011
CT0054,,COLLECTION_ITEM_1_1,icon_tool_bag,COLLECTION_INFO_1_1,,"""""",,"""""",1,,,CE0011
CT0055,,COLLECTION_ITEM_1_1,icon_tool_bag,COLLECTION_INFO_1_1,,"""""",,"""""",1,,,CE0011
CT0056,,COLLECTION_ITEM_1_1,icon_tool_bag,COLLECTION_INFO_1_1,,"""""",,"""""",1,,,CE0012
CT0057,,COLLECTION_ITEM_1_1,icon_tool_bag,COLLECTION_INFO_1_1,,"""""",,"""""",1,,,CE0012
CT0058,,COLLECTION_ITEM_1_1,icon_tool_bag,COLLECTION_INFO_1_1,,"""""",,"""""",1,,,CE0012
CT0059,,COLLECTION_ITEM_1_1,icon_tool_bag,COLLECTION_INFO_1_1,,"""""",,"""""",1,,,CE0012
CT0060,,COLLECTION_ITEM_1_1,icon_tool_bag,COLLECTION_INFO_1_1,,"""""",,"""""",1,,,CE0012
